scenario_code,trial,status_code,baseline_status_code,execution_path,ordinary_provider_runtime_reorganization_wired,e2e_summary_status,input_sha256,snapshot_sha256,ledger_sha256,pointer_before,pointer_after,ledger_record_count,retained_record_count,approximate_record_count,released_record_count,non_summary_released_record_count,required_record_count,failure_codes
UPD-01,1,COMMITTED,COMMITTED,opt_in_fenced_compaction_worker,False,BLOCKED,d55ba040a5c3801d114ca3c9a5fb176e1b3e62655f233331b913e060fb3f89b2,2d83a0f956e7224e5f2a25f0e6da3380ab8fbaf3d5fd7d8a6465a5b5a6c60772,07c414fb26a9e2acc9e73d32e0158c6c4ceb650ee1463b52234e0f9548e19bb8,1,2,8,6,0,2,0,4,
UPD-01,2,COMMITTED,COMMITTED,opt_in_fenced_compaction_worker,False,BLOCKED,d55ba040a5c3801d114ca3c9a5fb176e1b3e62655f233331b913e060fb3f89b2,e4a722a0b09be383e1bf70b778d94a1190bd19ab24d241fd68e9241c244cec6d,08d8acea510f81edd5fcef3fe2c2e2eb4248e967913becea0106b198df445818,1,2,8,6,0,2,0,4,
UPD-01,3,COMMITTED,COMMITTED,opt_in_fenced_compaction_worker,False,BLOCKED,d55ba040a5c3801d114ca3c9a5fb176e1b3e62655f233331b913e060fb3f89b2,df5d0ccf5390e0dc5042bba3573fea08ed307a067050b118de0c64bbf0b94369,f3f475004cdcb77411ccc73951f967370e61dffbf74422d65b6fbf01bd092da9,1,2,8,6,0,2,0,4,
UPD-02,1,COMMITTED,COMMITTED,opt_in_fenced_compaction_worker,False,BLOCKED,728b27cbe0c3f9719ea460e6bfda6f162e4b0a87d67bff7e11eb5aa2e78b6ecf,fa00463fb563f8726cd3a4e8cdf2bd6a03e6f1b2f51c0b1d365c855998c13f6b,72c43775d0f8d6d548fa9cc762c9b3e69eff6a9b3e8357e9d903890ff0a98bc6,1,2,8,6,0,2,0,4,
UPD-02,2,COMMITTED,COMMITTED,opt_in_fenced_compaction_worker,False,BLOCKED,728b27cbe0c3f9719ea460e6bfda6f162e4b0a87d67bff7e11eb5aa2e78b6ecf,4e57633ee4404c77bfcc13a5dd3341d17fa5398a5d65f4b3092fcbd32c0bb848,7e9fb88f76f53c50c746c8cba4a02785841e51c3321cfa92ce00a5c70fb712ec,1,2,8,6,0,2,0,4,
UPD-02,3,COMMITTED,COMMITTED,opt_in_fenced_compaction_worker,False,BLOCKED,728b27cbe0c3f9719ea460e6bfda6f162e4b0a87d67bff7e11eb5aa2e78b6ecf,723aa5046c90112fe83566c39c6604bf864de020fa4bd83f949d17a95b5d8ae9,287db8e9815013c051619c41b0a455e5b130faf79e0161e7ab0c3a121cc4baa4,1,2,8,6,0,2,0,4,
UPD-03,1,COMMITTED,COMMITTED,opt_in_fenced_compaction_worker,False,BLOCKED,187e3e4705103925d60990cf54614384e587889920a147bcd95afccf4381151d,9b8bdfc59d388af9fc156790cd66c739069c75043982bef836be94071cb7d396,683dbd5db2983cf55dc6919166102d3cbae415d5c78d5e4272d96c02ef3bca2f,1,2,8,6,0,2,0,4,
UPD-03,2,COMMITTED,COMMITTED,opt_in_fenced_compaction_worker,False,BLOCKED,187e3e4705103925d60990cf54614384e587889920a147bcd95afccf4381151d,dbcc3d569cd2820b260fe24f2008a1c01f59780c9829e7cc4dade5a9155b2f2e,d213366ae05907fe4a6b2e83cbcc27d73832a988f73df80390018f30a1c7350a,1,2,8,6,0,2,0,4,
UPD-03,3,COMMITTED,COMMITTED,opt_in_fenced_compaction_worker,False,BLOCKED,187e3e4705103925d60990cf54614384e587889920a147bcd95afccf4381151d,759c90b56343cfd3a3474d46b591f44cac6e1149a7e6ddb95a7045972549bbce,02ab4a1751f62e001fbecfab35441092bf6a4774af45ffb75e61ea5033f48fd4,1,2,8,6,0,2,0,4,
UPD-04,1,COMMITTED,COMMITTED,opt_in_fenced_compaction_worker,False,BLOCKED,2ad0f9a53f9ff0faa4ee7485854dd708b79765624f01f5ccf36530a58c50e458,86c19db3758b4f1497e70cbf70dd70041825d7358d0f95d5ee88dec23ba4f8a2,560878202ea3607b4432a2d9f166d1869cf7dd854213f55c82b080e1ffabfc05,1,2,8,6,0,2,0,4,
UPD-04,2,COMMITTED,COMMITTED,opt_in_fenced_compaction_worker,False,BLOCKED,2ad0f9a53f9ff0faa4ee7485854dd708b79765624f01f5ccf36530a58c50e458,46e5177309a746c09fd56b1be45597dbbe382cfa0b9bc19bc65f56b92302db56,072f305d24da3d297159ced3ae125564e8a3427b5ecefdc2bdc607a8e12d6c1f,1,2,8,6,0,2,0,4,
UPD-04,3,COMMITTED,COMMITTED,opt_in_fenced_compaction_worker,False,BLOCKED,2ad0f9a53f9ff0faa4ee7485854dd708b79765624f01f5ccf36530a58c50e458,b6e598142c652e5525ef70963370daa614a4f5ba1d6445901db9bde2bbd521dc,b807ff03e3e30ae5d950dac3526dee1f310ba06ad1147fcff3d61a0e1df78d6b,1,2,8,6,0,2,0,4,
UPD-05,1,COMMITTED,COMMITTED,opt_in_fenced_compaction_worker,False,BLOCKED,56978e67d666c4f2430cf0c19b71120a3f42fbac54cae5c5e3ccd7e4ec36de65,e2c85df3380f3d1659d80fba7f63f7a8f0d6ee37e78a635dfe9d883d17b00e94,dcfec96a9fd76342ec8a315011d93452d59c2b3627576f76ac21e376f45ef5f2,1,2,8,6,0,2,0,4,
UPD-05,2,COMMITTED,COMMITTED,opt_in_fenced_compaction_worker,False,BLOCKED,56978e67d666c4f2430cf0c19b71120a3f42fbac54cae5c5e3ccd7e4ec36de65,11bb165b2d7ad284044decafbc0d1da7598d5b0de2a8d1726bb69c14bc8b0b5f,b2f084d293a68057160342217eed4d089e5ec952c1d6529149e40f490fde6ca8,1,2,8,6,0,2,0,4,
UPD-05,3,COMMITTED,COMMITTED,opt_in_fenced_compaction_worker,False,BLOCKED,56978e67d666c4f2430cf0c19b71120a3f42fbac54cae5c5e3ccd7e4ec36de65,127b1705477bd6cd8f18631ceb7437094ab5ed74c04b7e087dffd4fad128a6c3,8ec6a01c914aa0dc98af9cef9edde60a697e7af2b6d735657426280f354d987c,1,2,8,6,0,2,0,4,
UPD-06,1,COMMITTED,COMMITTED,opt_in_fenced_compaction_worker,False,BLOCKED,21c26b163cc544adb6f5c33666218ca379e045fd2ca6b931e94c8dc5cd312aba,1bf838aeabba880fc1c6e76b8e3f879ae71ebb38aeab4b08d9a2b89452f35e2a,063fe3db1c3d5c8eb067b48dd66121a2349e28be0312614d4a17c68fffbb5d72,1,2,8,6,0,2,0,4,
UPD-06,2,COMMITTED,COMMITTED,opt_in_fenced_compaction_worker,False,BLOCKED,21c26b163cc544adb6f5c33666218ca379e045fd2ca6b931e94c8dc5cd312aba,704623d6455e35f861cb2fda023eee42b9643368b7ec6cf303e9419574c7d485,2e2de18e01ec91af027bbdb4231fef4bfcb73fc5909809eb355d28e77230414c,1,2,8,6,0,2,0,4,
UPD-06,3,COMMITTED,COMMITTED,opt_in_fenced_compaction_worker,False,BLOCKED,21c26b163cc544adb6f5c33666218ca379e045fd2ca6b931e94c8dc5cd312aba,cbf1db9b49a31a5c14c755438ad0035d9e53e77b78454ecc0c23aa8c2a6d7808,779b9cd9d5a4252445f31fe70bf428371fc832df4a5f711cb8be091f140c7593,1,2,8,6,0,2,0,4,
UPD-07,1,COMMITTED,COMMITTED,opt_in_fenced_compaction_worker,False,BLOCKED,08772059fa4c99944fb59fbd768201418cd4bb0cec7ebdd36737305e341d9934,837933717989e1df2cca89d9d75dfca1f5a4ed84c71cefa77133de3830022391,4b7daa434657edc14d5486d23e140f4486c8f781ee1501a6930f3884aaf86c56,1,2,8,6,0,2,0,4,
UPD-07,2,COMMITTED,COMMITTED,opt_in_fenced_compaction_worker,False,BLOCKED,08772059fa4c99944fb59fbd768201418cd4bb0cec7ebdd36737305e341d9934,da4c4b52f83694b34d71b1d46f9d4b9df55e1c210ba9507a297ab993e8ffa46b,64199e1e22e5cc2d3b320846a99efb5aaf34df1af6c18a7c4e77af0ce89ca166,1,2,8,6,0,2,0,4,
UPD-07,3,COMMITTED,COMMITTED,opt_in_fenced_compaction_worker,False,BLOCKED,08772059fa4c99944fb59fbd768201418cd4bb0cec7ebdd36737305e341d9934,869ca2155adfd9b1c76140c21e34797eb74cf224e9ffa915c9ae4c9a22d7a531,cae4b22469cae9642a241c4478431df9621497c334cc8914b0565220af7de7e2,1,2,8,6,0,2,0,4,
UPD-08,1,COMMITTED,COMMITTED,opt_in_fenced_compaction_worker,False,BLOCKED,ccc5c264f36a60bcf55582116d61e81ae98db2178e5fc7b0e7eb057ccf29b3ed,5a4e9b57de4f3295c52988550f05bdebfe01c04e08463e175225728d58030bd7,bc64035a2ec8c66509c9a9d96fc35621c1e24b7d604b354fc193c8fb9d042aee,1,2,8,6,0,2,0,4,
UPD-08,2,COMMITTED,COMMITTED,opt_in_fenced_compaction_worker,False,BLOCKED,ccc5c264f36a60bcf55582116d61e81ae98db2178e5fc7b0e7eb057ccf29b3ed,5ad0bc9d61fb88ee252ba26292efcfa52909fb31cfa34ca165acb3a35d2fd7d8,194b5fb32667899f4c13200a2f7b255d7aff0d8b5aa16b1af6d60e79d5710c32,1,2,8,6,0,2,0,4,
UPD-08,3,COMMITTED,COMMITTED,opt_in_fenced_compaction_worker,False,BLOCKED,ccc5c264f36a60bcf55582116d61e81ae98db2178e5fc7b0e7eb057ccf29b3ed,89ca72142021970fa061212134072e774f40a3098c2fe520bdb8b8c3f1650744,1ed373f419723cf489d37037535468785fdb4f187355917f6501d0157148d204,1,2,8,6,0,2,0,4,
UPD-09,1,COMMITTED,COMMITTED,opt_in_fenced_compaction_worker,False,BLOCKED,e1dff11d52fe48791c1c968fd0fcc6a82c81dae298a4d5974309fdf603639d5c,a77dba55f145bb1e2f47064ec491806f4e879dcbf28d65467e6ad7340500187e,8c2cd029b5482981b19c803bc1ea7843d419260fe2758fa36909b120c15e9ce2,1,2,8,6,0,2,0,4,
UPD-09,2,COMMITTED,COMMITTED,opt_in_fenced_compaction_worker,False,BLOCKED,e1dff11d52fe48791c1c968fd0fcc6a82c81dae298a4d5974309fdf603639d5c,6befe5d831d45410c45ea42e414119b6e5061aac9214b11c56476660c2815eb6,dc0db85ac6c5ca924c6905c10c3c16a66de120bd7cfaf506b764d540388d1219,1,2,8,6,0,2,0,4,
UPD-09,3,COMMITTED,COMMITTED,opt_in_fenced_compaction_worker,False,BLOCKED,e1dff11d52fe48791c1c968fd0fcc6a82c81dae298a4d5974309fdf603639d5c,8ba580786f70d3d39cec50861e49ae81053e5e0bd0f494b0f923bfb65676b2c2,6bc35e27681c6b0fb7a4fed995456e51d96338ddda201ccaded97970b48ebd06,1,2,8,6,0,2,0,4,
UPD-10,1,COMMITTED,COMMITTED,opt_in_fenced_compaction_worker,False,BLOCKED,23fbda84baffc246bb729fdee0f15fc915342d51f37dedd67a62e1ff8765ede2,475109e67c2d7e9109ec43f460b402071659fe2a5f83149734583d588c9aa0b4,8bc279d771612b31b6701ee93da3943fadc39667dab938d79689b708cd23bafe,1,2,8,6,0,2,0,4,
UPD-10,2,COMMITTED,COMMITTED,opt_in_fenced_compaction_worker,False,BLOCKED,23fbda84baffc246bb729fdee0f15fc915342d51f37dedd67a62e1ff8765ede2,77365719edeba2f1f1aa18f796a9f91b75d152aa2d402e03a46b525b8ffce4da,e1cae9d69aaac99b34b3cd414a58db3138237857e6c9b3745278b5c75a8d6291,1,2,8,6,0,2,0,4,
UPD-10,3,COMMITTED,COMMITTED,opt_in_fenced_compaction_worker,False,BLOCKED,23fbda84baffc246bb729fdee0f15fc915342d51f37dedd67a62e1ff8765ede2,64804f6ddb81a93f28c7cf918c5f5e97542e37c1505a20240e74753198d69f66,e12c0861783bc817d6fe78b78f82644e126b258fbc208540ef4e5bf728e2b4ba,1,2,8,6,0,2,0,4,
UPD-11,1,COMMITTED,COMMITTED,opt_in_fenced_compaction_worker,False,BLOCKED,84f02c32a46339c7a969912286305b4a72739ec3f8c0dbac2e58462105a81a7b,400510e84f5b60fe778feb05da06d96f81ab386bfeef149c408cac1169342820,e3339e3cbcfe244e8c1922734d825e48d7edbe1c78e6c2c5dcdd09eb88932f31,1,2,8,6,0,2,0,4,
UPD-11,2,COMMITTED,COMMITTED,opt_in_fenced_compaction_worker,False,BLOCKED,84f02c32a46339c7a969912286305b4a72739ec3f8c0dbac2e58462105a81a7b,3150607a05d445b38d3df32294738ec4f8c19eb8ebbcb9c39c2558dec6e916cf,4ff06bbd023151e7914cc5e5457aea12438c018efd1ab73fefc77b6bcf2e4107,1,2,8,6,0,2,0,4,
UPD-11,3,COMMITTED,COMMITTED,opt_in_fenced_compaction_worker,False,BLOCKED,84f02c32a46339c7a969912286305b4a72739ec3f8c0dbac2e58462105a81a7b,8600ae1fb3379776401eb0982a13f345cf33e1bfa8f2faf9d33e8db728e979fd,59b02b2864e63aa77cc8da56674ec321dd52f0e802b4000a3f11c30b2ee14c96,1,2,8,6,0,2,0,4,
UPD-12,1,COMMITTED,COMMITTED,opt_in_fenced_compaction_worker,False,BLOCKED,f63a9afa811eea93e5cfe98238a494d80c60fe1fb477591086c2c109e03581e7,8a2fa735036ffbb5ebe95e89c2c8e7d4c953be5e8e395eb4b8901fbc5389dcba,b414fcbb2f7a5ff25e4b2d175e1e765a4dca75500e9324923cc633bc1a13aa6f,1,2,8,6,0,2,0,4,
UPD-12,2,COMMITTED,COMMITTED,opt_in_fenced_compaction_worker,False,BLOCKED,f63a9afa811eea93e5cfe98238a494d80c60fe1fb477591086c2c109e03581e7,934d5e37ecbfb1866c2f4c3349f141c0246856d23e1e7d1227ea78ea8b03a43e,4c2d854c439a4de430c0361126dec1ece8634b6799794c77962a28b129596f1c,1,2,8,6,0,2,0,4,
UPD-12,3,COMMITTED,COMMITTED,opt_in_fenced_compaction_worker,False,BLOCKED,f63a9afa811eea93e5cfe98238a494d80c60fe1fb477591086c2c109e03581e7,c9b48089b66cab23147199858bd5610c8c1daad30193c32ced6cf9795cdcbfa8,6bd739d79765cf4ef1d19cc16e53892826b3fc01ad872fd2eff65bf468d2fccc,1,2,8,6,0,2,0,4,
